TTTCAACTTAACTTGACCGCTCTGACCA_31388	3J7Y_B	Chain B, Structure Of The Large Ribosomal Subunit From Human Mitochondria
TTTCAACTTAACTTGACCGCTCTGACCA_31388	AK290098	Homo sapiens cDNA FLJ76008 complete cds
CGGGGCTACGCCTGTCTGAGCGTCGCT_33152	AB114630	Mus musculus CNR gene for cadherin-related neuronal receptor, complete cds
CGGGGCTACGCCTGTCTGAGCGTCGCT_33152	AB169696	Macaca fascicularis brain cDNA, clone: QccE-19132, similar to human major histocompatibility complex, class I, E (HLA-E),mRNA, RefSeq: NM_005516.3
CGGGGCTACGCCTGTCTGAGCGTCGCT_33152	AC231275	Homo sapiens FOSMID clone ABC12-46987300E12 from chromosome unknown, complete sequence
CGGGGCTACGCCTGTCTGAGCGTCGCT_33152	AJ311501	Mus musculus mRNA for lymphatic endothelial hyaluronan receptor (LYVE-1 gene)
CGGGGCTACGCCTGTCTGAGCGTCGCT_33152	AK232333	Sus scrofa mRNA, clone:LVR010020G06, expressed in liver
CGGGGCTACGCCTGTCTGAGCGTCGCT_33152	AK235114	Sus scrofa mRNA, clone:OVRM10051B06, expressed in ovary
CGGGGCTACGCCTGTCTGAGCGTCGCT_33152	AK236278	Sus scrofa mRNA, clone:OVRM10171E08, expressed in ovary
CGGGGCTACGCCTGTCTGAGCGTCGCT_33152	AK236486	Sus scrofa mRNA, clone:OVRM10197C06, expressed in ovary
CGGGGCTACGCCTGTCTGAGCGTCGCT_33152	AK346373	Sus scrofa mRNA, clone:LVRM10156E03, expressed in liver
CGGGGCTACGCCTGTCTGAGCGTCGCT_33152	AK347528	Sus scrofa mRNA, clone:OVR010048H11, expressed in ovary
CGGGGCTACGCCTGTCTGAGCGTCGCT_33152	AK349185	Sus scrofa mRNA, clone:PTG010018B01, expressed in pituitary gland
CGGGGCTACGCCTGTCTGAGCGTCGCT_33152	AK351730	Sus scrofa mRNA, clone:THY010070C05, expressed in thymus
CGGGGCTACGCCTGTCTGAGCGTCGCT_33152	AK393867	Sus scrofa mRNA, clone: LNG010064A04, expressed in lung
CGGGGCTACGCCTGTCTGAGCGTCGCT_33152	AK394393	Sus scrofa mRNA, clone: MLN010015D07, expressed in mesenteric lymph node
CGGGGCTACGCCTGTCTGAGCGTCGCT_33152	AK397456	Sus scrofa mRNA, clone: SMG010018G10, expressed in submaxillary gland
CGGGGCTACGCCTGTCTGAGCGTCGCT_33152	AK397775	Sus scrofa mRNA, clone: SPL010077F05, expressed in spleen
CGGGGCTACGCCTGTCTGAGCGTCGCT_33152	AK397800	Sus scrofa mRNA, clone: SPL010089E07, expressed in spleen
CGGGGCTACGCCTGTCTGAGCGTCGCT_33152	AK398981	Sus scrofa mRNA, clone: MLN010038G04, expressed in mesenteric lymph node
CGGGGCTACGCCTGTCTGAGCGTCGCT_33152	AL353644	Human DNA sequence from clone RP11-164K15 on chromosome 22, complete sequence
CGGGGCTACGCCTGTCTGAGCGTCGCT_33152	AL592188	Human DNA sequence from clone RP11-337M7, complete sequence
CGGGGCTACGCCTGTCTGAGCGTCGCT_33152	AY823608	Hieraaetus fasciatus clone Hf-P2A4 microsatellite sequence
CGGGGCTACGCCTGTCTGAGCGTCGCT_33152	CR749662;4CXE_3;4UPW_3;4UQ0_3	Homo sapiens mRNA; cDNA DKFZp686A18101 (from clone DKFZp686A18101)<>Chain 3, Regulation Of The Mammalian Elongation Cycle By 40s Subunit Rolling: A Eukaryotic-specific Ribosome Rearrangement<>Chain 3, Mammalian 80s Hcv-ires Initiation Complex With Eif5b Pre-like State<>Chain 3, Mammalian 80s Hcv-ires Initiation Complex With Eif5b Post-like State
CGGGGCTACGCCTGTCTGAGCGTCGCT_33152	CT476837	Human DNA sequence from clone CH507-146P16 on chromosome 21, complete sequence
CGGGGCTACGCCTGTCTGAGCGTCGCT_33152	DQ235090	Cricetulus griseus external transcribed spacer, 18S ribosomal RNA gene, internal transcribed spacer 1, and 5.8S ribosomal RNA gene, complete sequence; and internal transcribed spacer 2, partial sequence
CGGGGCTACGCCTGTCTGAGCGTCGCT_33152	EU407526;EU407538	Ctenosaura similis x bakeri isolate AG 01a 5.8S ribosomal RNA gene, partial sequence; internal transcribed spacer 2, complete sequence; and 28S ribosomal RNA gene, partial sequence<>Ctenosaura similis isolate AG 30b 5.8S ribosomal RNA gene, partial sequence; internal transcribed spacer 2, complete sequence; and 28S ribosomal RNA gene, partial sequence
CGGGGCTACGCCTGTCTGAGCGTCGCT_33152	EU407527;EU407537	Ctenosaura similis x bakeri isolate AG 01b 5.8S ribosomal RNA gene, partial sequence; internal transcribed spacer 2, complete sequence; and 28S ribosomal RNA gene, partial sequence<>Ctenosaura similis isolate AG 30a 5.8S ribosomal RNA gene, partial sequence; internal transcribed spacer 2, complete sequence; and 28S ribosomal RNA gene, partial sequence
CGGGGCTACGCCTGTCTGAGCGTCGCT_33152	EU407528	Ctenosaura similis x bakeri isolate AG 01c 5.8S ribosomal RNA gene, partial sequence; internal transcribed spacer 2, complete sequence; and 28S ribosomal RNA gene, partial sequence
CGGGGCTACGCCTGTCTGAGCGTCGCT_33152	EU407529	Ctenosaura similis x bakeri isolate AG 01d 5.8S ribosomal RNA gene, partial sequence; internal transcribed spacer 2, complete sequence; and 28S ribosomal RNA gene, partial sequence
CGGGGCTACGCCTGTCTGAGCGTCGCT_33152	EU407530	Ctenosaura similis isolate AG 25a 5.8S ribosomal RNA gene, partial sequence; internal transcribed spacer 2, complete sequence; and 28S ribosomal RNA gene, partial sequence
CGGGGCTACGCCTGTCTGAGCGTCGCT_33152	EU407531;EU407536	Ctenosaura similis isolate AG 25b 5.8S ribosomal RNA gene, partial sequence; internal transcribed spacer 2, complete sequence; and 28S ribosomal RNA gene, partial sequence<>Ctenosaura similis isolate AG 27 5.8S ribosomal RNA gene, partial sequence; internal transcribed spacer 2, complete sequence; and 28S ribosomal RNA gene, partial sequence
CGGGGCTACGCCTGTCTGAGCGTCGCT_33152	EU407532;EU407535	Ctenosaura similis isolate AG 25c 5.8S ribosomal RNA gene, partial sequence; internal transcribed spacer 2, complete sequence; and 28S ribosomal RNA gene, partial sequence<>Ctenosaura similis isolate AG 26c 5.8S ribosomal RNA gene, partial sequence; internal transcribed spacer 2, complete sequence; and 28S ribosomal RNA gene, partial sequence
CGGGGCTACGCCTGTCTGAGCGTCGCT_33152	EU407533	Ctenosaura similis isolate AG 26a 5.8S ribosomal RNA gene, partial sequence; internal transcribed spacer 2, complete sequence; and 28S ribosomal RNA gene, partial sequence
CGGGGCTACGCCTGTCTGAGCGTCGCT_33152	EU407534	Ctenosaura similis isolate Ag 26b 5.8S ribosomal RNA gene, partial sequence; internal transcribed spacer 2, complete sequence; and 28S ribosomal RNA gene, partial sequence
CGGGGCTACGCCTGTCTGAGCGTCGCT_33152	EU407539	Ctenosaura similis isolate AG 30c 5.8S ribosomal RNA gene, partial sequence; internal transcribed spacer 2, complete sequence; and 28S ribosomal RNA gene, partial sequence
CGGGGCTACGCCTGTCTGAGCGTCGCT_33152	EU407540	Ctenosaura oedirhina isolate Ag 41 5.8S ribosomal RNA gene, partial sequence; internal transcribed spacer 2, complete sequence; and 28S ribosomal RNA gene, partial sequence
CGGGGCTACGCCTGTCTGAGCGTCGCT_33152	EU407541;EU407542;EU407543	Ctenosaura oedirhina isolate AG 45 5.8S ribosomal RNA gene, partial sequence; internal transcribed spacer 2, complete sequence; and 28S ribosomal RNA gene, partial sequence<>Ctenosaura oedirhina isolate AG 82 5.8S ribosomal RNA gene, partial sequence; internal transcribed spacer 2, complete sequence; and 28S ribosomal RNA gene, partial sequence<>Ctenosaura oedirhina isolate AG 131 5.8S ribosomal RNA gene, partial sequence; internal transcribed spacer 2, complete sequence; and 28S ribosomal RNA gene, partial sequence
CGGGGCTACGCCTGTCTGAGCGTCGCT_33152	EU407544	Ctenosaura bakeri isolate AG 18 5.8S ribosomal RNA gene, partial sequence; internal transcribed spacer 2, complete sequence; and 28S ribosomal RNA gene, partial sequence
CGGGGCTACGCCTGTCTGAGCGTCGCT_33152	EU407545;EU407546	Ctenosaura bakeri isolate AG 132 5.8S ribosomal RNA gene, partial sequence; internal transcribed spacer 2, complete sequence; and 28S ribosomal RNA gene, partial sequence<>Ctenosaura bakeri isolate AG 134 5.8S ribosomal RNA gene, partial sequence; internal transcribed spacer 2, complete sequence; and 28S ribosomal RNA gene, partial sequence
CGGGGCTACGCCTGTCTGAGCGTCGCT_33152	FJ706282	Lamprologus callipterus isolate Lc_73_Chimba_06 18S ribosomal RNA gene, partial sequence; internal transcribed spacer 1, 5.8S ribosomal RNA gene, and internal transcribed spacer 2, complete sequence; and 28S ribosomal RNA gene, partial sequence
CGGGGCTACGCCTGTCTGAGCGTCGCT_33152	FJ706283	Lamprologus callipterus isolate Lc_436_Mah1_07 18S ribosomal RNA gene, partial sequence; internal transcribed spacer 1, 5.8S ribosomal RNA gene, and internal transcribed spacer 2, complete sequence; and 28S ribosomal RNA gene, partial sequence
CGGGGCTACGCCTGTCTGAGCGTCGCT_33152	FJ706284	Lamprologus callipterus isolate Lc_209_4_92 18S ribosomal RNA gene, partial sequence; internal transcribed spacer 1, 5.8S ribosomal RNA gene, and internal transcribed spacer 2, complete sequence; and 28S ribosomal RNA gene, partial sequence
CGGGGCTACGCCTGTCTGAGCGTCGCT_33152	FJ706285	Lamprologus callipterus isolate Lc_141_Katoto_06 18S ribosomal RNA gene, partial sequence; internal transcribed spacer 1, 5.8S ribosomal RNA gene, and internal transcribed spacer 2, complete sequence; and 28S ribosomal RNA gene, partial sequence
CGGGGCTACGCCTGTCTGAGCGTCGCT_33152	FJ706286	Lamprologus callipterus isolate Lc_139_Katoto_06 18S ribosomal RNA gene, partial sequence; internal transcribed spacer 1, 5.8S ribosomal RNA gene, and internal transcribed spacer 2, complete sequence; and 28S ribosomal RNA gene, partial sequence
CGGGGCTACGCCTGTCTGAGCGTCGCT_33152	FJ706287	Lamprologus callipterus isolate Lc_SO3_99 18S ribosomal RNA gene, partial sequence; internal transcribed spacer 1, 5.8S ribosomal RNA gene, and internal transcribed spacer 2, complete sequence; and 28S ribosomal RNA gene, partial sequence
CGGGGCTACGCCTGTCTGAGCGTCGCT_33152	FJ706289	Lamprologus callipterus isolate Lc_77_4_92 internal transcribed spacer 1, partial sequence; 5.8S ribosomal RNA gene and internal transcribed spacer 2, complete sequence; and 28S ribosomal RNA gene, partial sequence
CGGGGCTACGCCTGTCTGAGCGTCGCT_33152	FJ706290	Lamprologus callipterus isolate Lc_1135_41_92 internal transcribed spacer 1, partial sequence; 5.8S ribosomal RNA gene and internal transcribed spacer 2, complete sequence; and 28S ribosomal RNA gene, partial sequence
CGGGGCTACGCCTGTCTGAGCGTCGCT_33152	FJ706298	Neolamprologus modestus isolate Nmod_476_12_92 18S ribosomal RNA gene, partial sequence; internal transcribed spacer 1, 5.8S ribosomal RNA gene, and internal transcribed spacer 2, complete sequence; and 28S ribosomal RNA gene, partial sequence
CGGGGCTACGCCTGTCTGAGCGTCGCT_33152	FJ706303;FJ706306;FJ706307;FJ706308	Neolamprologus fasciatus isolate Nf_1198_43_92 18S ribosomal RNA gene, partial sequence; internal transcribed spacer 1, 5.8S ribosomal RNA gene, and internal transcribed spacer 2, complete sequence; and 28S ribosomal RNA gene, partial sequence<>Neolamprologus fasciatus isolate Nf_740_17_95 18S ribosomal RNA gene, partial sequence; internal transcribed spacer 1, 5.8S ribosomal RNA gene, and internal transcribed spacer 2, complete sequence; and 28S ribosomal RNA gene, partial sequence<>Neolamprologus fasciatus isolate Nf_1380_4_92 18S ribosomal RNA gene, partial sequence; internal transcribed spacer 1, 5.8S ribosomal RNA gene, and internal transcribed spacer 2, complete sequence; and 28S ribosomal RNA gene, partial sequence<>Neolamprologus fasciatus isolate Nf_1016_37_92 18S ribosomal RNA gene, partial sequence; internal transcribed spacer 1, 5.8S ribosomal RNA gene, and internal transcribed spacer 2, complete sequence; and 28S ribosomal RNA gene, partial sequence
CGGGGCTACGCCTGTCTGAGCGTCGCT_33152	FJ706304	Neolamprologus similis isolate Nsimilis2 18S ribosomal RNA gene, partial sequence; internal transcribed spacer 1, 5.8S ribosomal RNA gene, and internal transcribed spacer 2, complete sequence; and 28S ribosomal RNA gene, partial sequence
CGGGGCTACGCCTGTCTGAGCGTCGCT_33152	FJ706305	Neolamprologus similis isolate Nsimilis1 18S ribosomal RNA gene, partial sequence; internal transcribed spacer 1, 5.8S ribosomal RNA gene, and internal transcribed spacer 2, complete sequence; and 28S ribosomal RNA gene, partial sequence
CGGGGCTACGCCTGTCTGAGCGTCGCT_33152	FJ706309;FJ706310;FJ706313;FJ706314;FJ706315;FJ706316;FJ706317;FJ706320;FJ706322;FJ706323;FJ706324;FJ706325;FJ706326;FJ706327	Lamprologus callipterus isolate Lc_747_23_92 18S ribosomal RNA gene, partial sequence; internal transcribed spacer 1, 5.8S ribosomal RNA gene, and internal transcribed spacer 2, complete sequence; and 28S ribosomal RNA gene, partial sequence<>Lamprologus callipterus isolate Lc_721_Kip2_07 18S ribosomal RNA gene, partial sequence; internal transcribed spacer 1, 5.8S ribosomal RNA gene, and internal transcribed spacer 2, complete sequence; and 28S ribosomal RNA gene, partial sequence<>Lamprologus callipterus isolate Lc_553_Mah2_07 18S ribosomal RNA gene, partial sequence; internal transcribed spacer 1, 5.8S ribosomal RNA gene, and internal transcribed spacer 2, complete sequence; and 28S ribosomal RNA gene, partial sequence<>Lamprologus callipterus isolate Lc_311_Iko2_07 18S ribosomal RNA gene, partial sequence; internal transcribed spacer 1, 5.8S ribosomal RNA gene, and internal transcribed spacer 2, complete sequence; and 28S ribosomal RNA gene, partial sequence<>Lamprologus callipterus isolate Lc_309_Iko2_07 18S ribosomal RNA gene, partial sequence; internal transcribed spacer 1, 5.8S ribosomal RNA gene, and internal transcribed spacer 2, complete sequence; and 28S ribosomal RNA gene, partial sequence<>Lamprologus callipterus isolate Lc_129_4_92 18S ribosomal RNA gene, partial sequence; internal transcribed spacer 1, 5.8S ribosomal RNA gene, and internal transcribed spacer 2, complete sequence; and 28S ribosomal RNA gene, partial sequence<>Lamprologus callipterus isolate Lc_126_Iko1_07 18S ribosomal RNA gene, partial sequence; internal transcribed spacer 1, 5.8S ribosomal RNA gene, and internal transcribed spacer 2, complete sequence; and 28S ribosomal RNA gene, partial sequence<>Lamprologus callipterus isolate Lc_2_Isanga_06 18S ribosomal RNA gene, partial sequence; internal transcribed spacer 1, 5.8S ribosomal RNA gene, and internal transcribed spacer 2, complete sequence; and 28S ribosomal RNA gene, partial sequence<>Lamprologus callipterus isolate Lc_723_Kip2_07 18S ribosomal RNA gene, partial sequence; internal transcribed spacer 1, 5.8S ribosomal RNA gene, and internal transcribed spacer 2, complete sequence; and 28S ribosomal RNA gene, partial sequence<>Lamprologus callipterus isolate Lc_604_Mah2_07 18S ribosomal RNA gene, partial sequence; internal transcribed spacer 1, 5.8S ribosomal RNA gene, and internal transcribed spacer 2, complete sequence; and 28S ribosomal RNA gene, partial sequence<>Lamprologus callipterus isolate Lc_437_Mah1_07 18S ribosomal RNA gene, partial sequence; internal transcribed spacer 1, 5.8S ribosomal RNA gene, and internal transcribed spacer 2, complete sequence; and 28S ribosomal RNA gene, partial sequence<>Lamprologus callipterus isolate Lc_310_Iko2_07 18S ribosomal RNA gene, partial sequence; internal transcribed spacer 1, 5.8S ribosomal RNA gene, and internal transcribed spacer 2, complete sequence; and 28S ribosomal RNA gene, partial sequence<>Lamprologus callipterus isolate Lc_M12_99 18S ribosomal RNA gene, partial sequence; internal transcribed spacer 1, 5.8S ribosomal RNA gene, and internal transcribed spacer 2, complete sequence; and 28S ribosomal RNA gene, partial sequence<>Lamprologus callipterus isolate Lc_41_Chimba_06 18S ribosomal RNA gene, partial sequence; internal transcribed spacer 1, 5.8S ribosomal RNA gene, and internal transcribed spacer 2, complete sequence; and 28S ribosomal RNA gene, partial sequence
CGGGGCTACGCCTGTCTGAGCGTCGCT_33152	FJ706311	Lamprologus callipterus isolate Lc_647_Mah2_07 18S ribosomal RNA gene, partial sequence; internal transcribed spacer 1, 5.8S ribosomal RNA gene, and internal transcribed spacer 2, complete sequence; and 28S ribosomal RNA gene, partial sequence
CGGGGCTACGCCTGTCTGAGCGTCGCT_33152	FJ706312	Lamprologus callipterus isolate Lc_603_Mah2_07 18S ribosomal RNA gene, partial sequence; internal transcribed spacer 1, 5.8S ribosomal RNA gene, and internal transcribed spacer 2, complete sequence; and 28S ribosomal RNA gene, partial sequence
CGGGGCTACGCCTGTCTGAGCGTCGCT_33152	FJ706318	Lamprologus callipterus isolate Lc_M11_99 18S ribosomal RNA gene, partial sequence; internal transcribed spacer 1, 5.8S ribosomal RNA gene, and internal transcribed spacer 2, complete sequence; and 28S ribosomal RNA gene, partial sequence
CGGGGCTACGCCTGTCTGAGCGTCGCT_33152	FJ706319	Lamprologus callipterus isolate Lc_1_Isanga_06 18S ribosomal RNA gene, partial sequence; internal transcribed spacer 1, 5.8S ribosomal RNA gene, and internal transcribed spacer 2, complete sequence; and 28S ribosomal RNA gene, partial sequence
CGGGGCTACGCCTGTCTGAGCGTCGCT_33152	FJ706321	Lamprologus callipterus isolate Lc_1343_49_92 18S ribosomal RNA gene, partial sequence; internal transcribed spacer 1, 5.8S ribosomal RNA gene, and internal transcribed spacer 2, complete sequence; and 28S ribosomal RNA gene, partial sequence
CGGGGCTACGCCTGTCTGAGCGTCGCT_33152	FJ706328	Neolamprologus multifasciatus isolate Nmulti2 18S ribosomal RNA gene, partial sequence; internal transcribed spacer 1, 5.8S ribosomal RNA gene, and internal transcribed spacer 2, complete sequence; and 28S ribosomal RNA gene, partial sequence
CGGGGCTACGCCTGTCTGAGCGTCGCT_33152	FJ706329	Neolamprologus calliurus isolate Ncalliurus4 18S ribosomal RNA gene, partial sequence; internal transcribed spacer 1, 5.8S ribosomal RNA gene, and internal transcribed spacer 2, complete sequence; and 28S ribosomal RNA gene, partial sequence
CGGGGCTACGCCTGTCTGAGCGTCGCT_33152	FJ706332	Lamprologus signatus isolate Lsignatus3 18S ribosomal RNA gene, partial sequence; internal transcribed spacer 1, 5.8S ribosomal RNA gene, and internal transcribed spacer 2, complete sequence; and 28S ribosomal RNA gene, partial sequence
CGGGGCTACGCCTGTCTGAGCGTCGCT_33152	FJ706333;FJ706334	Lamprologus ornatipinnis isolate Lornatipinnis9 18S ribosomal RNA gene, partial sequence; internal transcribed spacer 1, 5.8S ribosomal RNA gene, and internal transcribed spacer 2, complete sequence; and 28S ribosomal RNA gene, partial sequence<>Lamprologus ornatipinnis isolate Lornatipinnis8 18S ribosomal RNA gene, partial sequence; internal transcribed spacer 1, 5.8S ribosomal RNA gene, and internal transcribed spacer 2, complete sequence; and 28S ribosomal RNA gene, partial sequence
CGGGGCTACGCCTGTCTGAGCGTCGCT_33152	FJ706335	Neolamprologus multifasciatus isolate Nmulti3 18S ribosomal RNA gene, partial sequence; internal transcribed spacer 1, 5.8S ribosomal RNA gene, and internal transcribed spacer 2, complete sequence; and 28S ribosomal RNA gene, partial sequence
CGGGGCTACGCCTGTCTGAGCGTCGCT_33152	FJ706336	Lamprologus cf. ocellatus BN-2009 isolate Nwau_12_a5_03 18S ribosomal RNA gene, partial sequence; internal transcribed spacer 1, 5.8S ribosomal RNA gene, and internal transcribed spacer 2, complete sequence; and 28S ribosomal RNA gene, partial sequence
CGGGGCTACGCCTGTCTGAGCGTCGCT_33152	FJ706337	Lamprologus ocellatus isolate Lo_22_f8_Mbita_06 18S ribosomal RNA gene, partial sequence; internal transcribed spacer 1, 5.8S ribosomal RNA gene, and internal transcribed spacer 2, complete sequence; and 28S ribosomal RNA gene, partial sequence
CGGGGCTACGCCTGTCTGAGCGTCGCT_33152	FJ706338	Neolamprologus tetracanthus isolate Ntetra_556_4_95 18S ribosomal RNA gene, partial sequence; internal transcribed spacer 1, 5.8S ribosomal RNA gene, and internal transcribed spacer 2, complete sequence; and 28S ribosomal RNA gene, partial sequence
CGGGGCTACGCCTGTCTGAGCGTCGCT_33152	FJ706339	Neolamprologus leloupi isolate Nlelo_496_12_92 18S ribosomal RNA gene, partial sequence; internal transcribed spacer 1, 5.8S ribosomal RNA gene, and internal transcribed spacer 2, complete sequence; and 28S ribosomal RNA gene, partial sequence
CGGGGCTACGCCTGTCTGAGCGTCGCT_33152	FJ706340;FJ706347	Lepidiolamprologus attenuatus isolate Latt_1391_4_92 18S ribosomal RNA gene, partial sequence; internal transcribed spacer 1, 5.8S ribosomal RNA gene, and internal transcribed spacer 2, complete sequence; and 28S ribosomal RNA gene, partial sequence<>Lepidiolamprologus profundicola isolate Lprof_151_4_92 18S ribosomal RNA gene, partial sequence; internal transcribed spacer 1, 5.8S ribosomal RNA gene, and internal transcribed spacer 2, complete sequence; and 28S ribosomal RNA gene, partial sequence
CGGGGCTACGCCTGTCTGAGCGTCGCT_33152	FJ706341;FJ706343	Altolamprologus compressiceps isolate Acomp_1203_43_92 18S ribosomal RNA gene, partial sequence; internal transcribed spacer 1, 5.8S ribosomal RNA gene, and internal transcribed spacer 2, complete sequence; and 28S ribosomal RNA gene, partial sequence<>Altolamprologus calvus isolate Acalvus_1924_10_95 18S ribosomal RNA gene, partial sequence; internal transcribed spacer 1, 5.8S ribosomal RNA gene, and internal transcribed spacer 2, complete sequence; and 28S ribosomal RNA gene, partial sequence
CGGGGCTACGCCTGTCTGAGCGTCGCT_33152	FJ706344	Lepidiolamprologus cunningtoni isolate Lcun_181_4_92 18S ribosomal RNA gene, partial sequence; internal transcribed spacer 1, 5.8S ribosomal RNA gene, and internal transcribed spacer 2, complete sequence; and 28S ribosomal RNA gene, partial sequence
CGGGGCTACGCCTGTCTGAGCGTCGCT_33152	FJ706345	Lepidiolamprologus elongatus isolate Lelo_57_1_92 18S ribosomal RNA gene, partial sequence; internal transcribed spacer 1, 5.8S ribosomal RNA gene, and internal transcribed spacer 2, complete sequence; and 28S ribosomal RNA gene, partial sequence
CGGGGCTACGCCTGTCTGAGCGTCGCT_33152	FJ706346	Lamprologus lemairii isolate Llem_137_4_92 18S ribosomal RNA gene, partial sequence; internal transcribed spacer 1, 5.8S ribosomal RNA gene, and internal transcribed spacer 2, complete sequence; and 28S ribosomal RNA gene, partial sequence
CGGGGCTACGCCTGTCTGAGCGTCGCT_33152	FJ706348	Neolamprologus leloupi isolate Nlelo_584_17_92 18S ribosomal RNA gene, partial sequence; internal transcribed spacer 1, 5.8S ribosomal RNA gene, and internal transcribed spacer 2, complete sequence; and 28S ribosomal RNA gene, partial sequence
CGGGGCTACGCCTGTCTGAGCGTCGCT_33152	FP236383	Human DNA sequence from clone CH507-528H12 on chromosome 21, complete sequence
CGGGGCTACGCCTGTCTGAGCGTCGCT_33152	FQ211544	Rattus norvegicus TL0AAA88YM20 mRNA sequence
CGGGGCTACGCCTGTCTGAGCGTCGCT_33152	FQ223150	Rattus norvegicus TL0ADA14YP12 mRNA sequence
CGGGGCTACGCCTGTCTGAGCGTCGCT_33152	FQ224447	Rattus norvegicus TL0ACA65YO08 mRNA sequence
CGGGGCTACGCCTGTCTGAGCGTCGCT_33152	FQ224513	Rattus norvegicus TL0ACA63YI19 mRNA sequence
CGGGGCTACGCCTGTCTGAGCGTCGCT_33152	FQ225235	Rattus norvegicus TL0AEA54YK12 mRNA sequence
CGGGGCTACGCCTGTCTGAGCGTCGCT_33152	FQ225684	Rattus norvegicus TL0AEA4YD06 mRNA sequence
CGGGGCTACGCCTGTCTGAGCGTCGCT_33152	FQ226226	Rattus norvegicus TL0AEA2YO13 mRNA sequence
CGGGGCTACGCCTGTCTGAGCGTCGCT_33152	FQ227309	Rattus norvegicus TL0AEA13YN03 mRNA sequence
CGGGGCTACGCCTGTCTGAGCGTCGCT_33152	FQ227764	Rattus norvegicus TL0AEA11YP08 mRNA sequence
CGGGGCTACGCCTGTCTGAGCGTCGCT_33152	FQ231074	Rattus norvegicus TL0AEA7YG13 mRNA sequence
CGGGGCTACGCCTGTCTGAGCGTCGCT_33152	FQ232064	Rattus norvegicus TL0AEA67YC08 mRNA sequence
CGGGGCTACGCCTGTCTGAGCGTCGCT_33152	FQ232301	Rattus norvegicus TL0AEA66YE22 mRNA sequence
CGGGGCTACGCCTGTCTGAGCGTCGCT_33152	FQ232700	Rattus norvegicus TL0AEA64YL18 mRNA sequence
CGGGGCTACGCCTGTCTGAGCGTCGCT_33152	FQ232848	Rattus norvegicus TL0AEA64YD12 mRNA sequence
CGGGGCTACGCCTGTCTGAGCGTCGCT_33152	FQ233356	Rattus norvegicus TL0AEA62YD10 mRNA sequence
CGGGGCTACGCCTGTCTGAGCGTCGCT_33152	FQ235242	Rattus norvegicus TL0AEA55YO23 mRNA sequence
CGGGGCTACGCCTGTCTGAGCGTCGCT_33152	GU218546	Megalobrama amblycephala 5.8S ribosomal RNA gene, partial sequence; internal transcribed spacer 2, complete sequence; and 28S ribosomal RNA gene, partial sequence
CGGGGCTACGCCTGTCTGAGCGTCGCT_33152	GU218547	Elopichthys bambusa 5.8S ribosomal RNA gene, partial sequence; internal transcribed spacer 2, complete sequence; and 28S ribosomal RNA gene, partial sequence
CGGGGCTACGCCTGTCTGAGCGTCGCT_33152	GU218548	Xenocypris argentea 5.8S ribosomal RNA gene, partial sequence; internal transcribed spacer 2, complete sequence; and 28S ribosomal RNA gene, partial sequence
CGGGGCTACGCCTGTCTGAGCGTCGCT_33152	GU218549	Culter alburnus 5.8S ribosomal RNA gene, partial sequence; internal transcribed spacer 2, complete sequence; and 28S ribosomal RNA gene, partial sequence
CGGGGCTACGCCTGTCTGAGCGTCGCT_33152	GU289229	Oreochromis aureus isolate Oau1-4 18S ribosomal RNA gene, internal transcribed spacer 1, 5.8S ribosomal RNA gene, internal transcribed spacer 2, and 28S ribosomal RNA gene, complete sequence
CGGGGCTACGCCTGTCTGAGCGTCGCT_33152	GU372691	Mus musculus strain BALB/c 45S ribosomal RNA region genomic sequence
CGGGGCTACGCCTGTCTGAGCGTCGCT_33152	J00781	rat 45s ribosomal rna gene cluster: 5.8s (complete); 18s (3'-end); 28s (5'-end); spacer sequences itsi & itsii
CGGGGCTACGCCTGTCTGAGCGTCGCT_33152	J01866	Human 5.8S ribosomal RNA
CGGGGCTACGCCTGTCTGAGCGTCGCT_33152	J01871;J01881	Mouse 5.8S ribosomal RNA<>Rat 5.8S ribosomal RNA
CGGGGCTACGCCTGTCTGAGCGTCGCT_33152	JX170710	Gekko gecko isolate GG2 5.8S ribosomal RNA gene, partial sequence; internal transcribed spacer 2, complete sequence; and 28S ribosomal RNA gene, partial sequence
CGGGGCTACGCCTGTCTGAGCGTCGCT_33152	K01365	Mouse 18S-5.8S-28S rRNA gene internal transcribed spacers 1 & 2 (ITS 1, ITS 2); clones 5a,6,7
CGGGGCTACGCCTGTCTGAGCGTCGCT_33152	K01367	Mouse 5.8S rRNA gene, clone ES19/pBR322
CGGGGCTACGCCTGTCTGAGCGTCGCT_33152	K01592	rat 8s rna
CGGGGCTACGCCTGTCTGAGCGTCGCT_33152	LK077046	Apteryx australis mantelli genome assembly AptMant0, scaffold scaffold12454
CGGGGCTACGCCTGTCTGAGCGTCGCT_33152	LM013287	Wuchereria bancrofti genome assembly W_bancrofti_Jakarta ,scaffold WBA_contig0011915
CGGGGCTACGCCTGTCTGAGCGTCGCT_33152	M24875	Homologies in eukaryotic 5.8S ribosomal RNA
CGGGGCTACGCCTGTCTGAGCGTCGCT_33152	NR_003285;NR_046250	Homo sapiens RNA, 5.8S ribosomal 5 (RNA5-8S5), ribosomal RNA<>Sus scrofa 5.8S ribosomal RNA (RN5-8S), ribosomal RNA
CGGGGCTACGCCTGTCTGAGCGTCGCT_33152	NR_045133;S46119;3J3F_8	Cricetulus griseus 5.8S ribosomal RNA (Rn5-8s), ribosomal RNA<>5.8S rRNA {p53-linked} [rats, ras transfected embryo fibroblast line, Genomic, 157 nt]<>Chain 8, Structure Of The H. Sapiens 60s Rrna
CGGGGCTACGCCTGTCTGAGCGTCGCT_33152	NR_046235	Homo sapiens RNA, 45S pre-ribosomal 5 (RNA45S5), ribosomal RNA
CGGGGCTACGCCTGTCTGAGCGTCGCT_33152	NR_046238;X00244;4W1Z_8;4W21_8;4W24_8;4W26_8	Rattus norvegicus 5.8S ribosomal RNA (Rn5-8s), ribosomal RNA<>Rat liver ribosome associated 5.8S rRNA<>Chain 8, Structure Of The Mammalian 60s Ribosomal Subunit (this Entry Contains The Large Ribosomal Subunit Rna)<>Chain 8, Structure Of The 80s Mammalian Ribosome Bound To Eef2 (this Entry Contains The Large Ribosomal Subunit Rna)<>Chain 8, Structure Of The Idle Mammalian Ribosome-sec61 Complex (this Entry Contains The Large Ribosomal Subunit Rna)<>Chain 8, Structure Of The Translating Mammalian Ribosome-sec61 Complex (this Entry Contains The Large Ribosomal Subunit Rna)
CGGGGCTACGCCTGTCTGAGCGTCGCT_33152	NR_046239;V01270	Rattus norvegicus 45S pre-ribosomal RNA (Rn45s), ribosomal RNA<>Rattus norvegicus genes for 18S, 5.8S, and 28S ribosomal RNAs
CGGGGCTACGCCTGTCTGAGCGTCGCT_33152	NR_046263;AY390526	Cricetulus griseus 45S ribosomal RNA (Rn45s), ribosomal RNA<>Cricetulus griseus external transcribed spacer, 18S ribosomal RNA gene, internal transcribed spacer 1, 5.8S ribosomal RNA gene, and internal transcribed spacer 2, complete sequence; and 28S ribosomal RNA gene, partial sequence
CGGGGCTACGCCTGTCTGAGCGTCGCT_33152	U13369	Human ribosomal DNA complete repeating unit
CGGGGCTACGCCTGTCTGAGCGTCGCT_33152	X00722	Rat 32S pre-rRNA 5'-terminal part with 28S rRNA sequence
CGGGGCTACGCCTGTCTGAGCGTCGCT_33152	XM_003355507	PREDICTED: Sus scrofa glucosamine (N-acetyl)-6-sulfatase (GNS), mRNA
CGGGGCTACGCCTGTCTGAGCGTCGCT_33152	XM_003362080	PREDICTED: Sus scrofa N-acetylglucosamine-6-sulfatase (LOC100621248), mRNA
CGGGGCTACGCCTGTCTGAGCGTCGCT_33152	XM_005642273	PREDICTED: Canis lupus familiaris collagen alpha-1(I) chain-like (LOC102152155), mRNA
CGGGGCTACGCCTGTCTGAGCGTCGCT_33152	XM_006227649	PREDICTED: Rattus norvegicus collagen alpha-1(III) chain-like (LOC102553290), mRNA
CGGGGCTACGCCTGTCTGAGCGTCGCT_33152	XM_008252668	PREDICTED: Oryctolagus cuniculus serine/arginine repetitive matrix protein 1-like (LOC103346514), mRNA
CGGGGCTACGCCTGTCTGAGCGTCGCT_33152	XM_013992408	PREDICTED: Sus scrofa hydroxyacylglutathione hydrolase (HAGH), mRNA
CGGGGCTACGCCTGTCTGAGCGTCGCT_33152	XM_014480817	PREDICTED: Bos mutus collagen alpha-1(I) chain-like (LOC106700521), mRNA
CGGGGCTACGCCTGTCTGAGCGTCGCT_33152	XM_014867045	PREDICTED: Equus asinus translation initiation factor IF-2-like (LOC106847650), mRNA
CGGGGCTACGCCTGTCTGAGCGTCGCT_33152	XM_015469400	N/A
ATCGATGTGGTGACGTCGTGCTCTCCCGGGCCGG_33702	AC231275	Homo sapiens FOSMID clone ABC12-46987300E12 from chromosome unknown, complete sequence
ATCGATGTGGTGACGTCGTGCTCTCCCGGGCCGG_33702	AJ333291	Homo sapiens genomic sequence surrounding NotI site, clone NR3-BL17RS
ATCGATGTGGTGACGTCGTGCTCTCCCGGGCCGG_33702	AJ337765	Homo sapiens genomic sequence surrounding NotI site, clone NL6-LE9RS
ATCGATGTGGTGACGTCGTGCTCTCCCGGGCCGG_33702	AJ338590	Homo sapiens genomic sequence surrounding NotI site, clone NR1-5R
ATCGATGTGGTGACGTCGTGCTCTCCCGGGCCGG_33702	AJ339885	Homo sapiens genomic sequence surrounding NotI site, clone NL4-BD23R
ATCGATGTGGTGACGTCGTGCTCTCCCGGGCCGG_33702	AJ339886	Homo sapiens genomic sequence surrounding NotI site, clone NR1-DB5R
ATCGATGTGGTGACGTCGTGCTCTCCCGGGCCGG_33702	AJ340568	Homo sapiens genomic sequence surrounding NotI site, clone NR1-XP5RS
ATCGATGTGGTGACGTCGTGCTCTCCCGGGCCGG_33702	AJ340599	Homo sapiens genomic sequence surrounding NotI site, clone NR1-EE21RS
ATCGATGTGGTGACGTCGTGCTCTCCCGGGCCGG_33702	AJ340795	Homo sapiens genomic sequence surrounding NotI site, clone NR5-DF14RS
ATCGATGTGGTGACGTCGTGCTCTCCCGGGCCGG_33702	AJ340921	Homo sapiens genomic sequence surrounding NotI site, clone NL3-CI15R
ATCGATGTGGTGACGTCGTGCTCTCCCGGGCCGG_33702	AL353644	Human DNA sequence from clone RP11-164K15 on chromosome 22, complete sequence
ATCGATGTGGTGACGTCGTGCTCTCCCGGGCCGG_33702	AL592188	Human DNA sequence from clone RP11-337M7, complete sequence
ATCGATGTGGTGACGTCGTGCTCTCCCGGGCCGG_33702	CT476837	Human DNA sequence from clone CH507-146P16 on chromosome 21, complete sequence
ATCGATGTGGTGACGTCGTGCTCTCCCGGGCCGG_33702	FP236383	Human DNA sequence from clone CH507-528H12 on chromosome 21, complete sequence
ATCGATGTGGTGACGTCGTGCTCTCCCGGGCCGG_33702	J00304	Human 45S rRNA precursor transcription initiation region, clone pBE2
ATCGATGTGGTGACGTCGTGCTCTCCCGGGCCGG_33702	KC876027	Homo sapiens clone N29M24 sequence
ATCGATGTGGTGACGTCGTGCTCTCCCGGGCCGG_33702	KC876029	Homo sapiens clone LA14_101B3 sequence
ATCGATGTGGTGACGTCGTGCTCTCCCGGGCCGG_33702	KC876030	Homo sapiens clone LA13_165F6 sequence
ATCGATGTGGTGACGTCGTGCTCTCCCGGGCCGG_33702	M17313	Human 47S ribosomal gene processing cleavage sites
ATCGATGTGGTGACGTCGTGCTCTCCCGGGCCGG_33702	NR_046235	Homo sapiens RNA, 45S pre-ribosomal 5 (RNA45S5), ribosomal RNA
ATCGATGTGGTGACGTCGTGCTCTCCCGGGCCGG_33702	U13369	Human ribosomal DNA complete repeating unit
ATCGATGTGGTGACGTCGTGCTCTCCCGGGCCGG_33702	X14345	Human DNA for 5' external transcribed spacer of pre-ribosomal RNA
ACGCGACCTCAGATCAGACGTGGCGACCCGCTGAAT_31697	AC231275	Homo sapiens FOSMID clone ABC12-46987300E12 from chromosome unknown, complete sequence
ACGCGACCTCAGATCAGACGTGGCGACCCGCTGAAT_31697	AJ339749	Homo sapiens genomic sequence surrounding NotI site, clone NR1-EM2R
ACGCGACCTCAGATCAGACGTGGCGACCCGCTGAAT_31697	AJ339751	Homo sapiens genomic sequence surrounding NotI site, clone NR1-EN2R
ACGCGACCTCAGATCAGACGTGGCGACCCGCTGAAT_31697	AJ340252	Homo sapiens genomic sequence surrounding NotI site, clone NR1-RA10C
ACGCGACCTCAGATCAGACGTGGCGACCCGCTGAAT_31697	AL353644	Human DNA sequence from clone RP11-164K15 on chromosome 22, complete sequence
ACGCGACCTCAGATCAGACGTGGCGACCCGCTGAAT_31697	AL592188	Human DNA sequence from clone RP11-337M7, complete sequence
ACGCGACCTCAGATCAGACGTGGCGACCCGCTGAAT_31697	CP011904	Ovis canadensis canadensis isolate 43U chromosome 19 sequence
ACGCGACCTCAGATCAGACGTGGCGACCCGCTGAAT_31697	CT476837	Human DNA sequence from clone CH507-146P16 on chromosome 21, complete sequence
ACGCGACCTCAGATCAGACGTGGCGACCCGCTGAAT_31697	FP236383	Human DNA sequence from clone CH507-528H12 on chromosome 21, complete sequence
ACGCGACCTCAGATCAGACGTGGCGACCCGCTGAAT_31697	KF463232	Panthera tigris altaica microsatellite PTA045 sequence
ACGCGACCTCAGATCAGACGTGGCGACCCGCTGAAT_31697	NR_046235	Homo sapiens RNA, 45S pre-ribosomal 5 (RNA45S5), ribosomal RNA
ACGCGACCTCAGATCAGACGTGGCGACCCGCTGAAT_31697	U13369	Human ribosomal DNA complete repeating unit
ACGCGACCTCAGATCAGACGTGGCGACCCGCTGAAT_31697	XM_008252668	PREDICTED: Oryctolagus cuniculus serine/arginine repetitive matrix protein 1-like (LOC103346514), mRNA
ACGCGACCTCAGATCAGACGTGGCGACCCGCTGAAT_31697	XM_008511602	PREDICTED: Equus przewalskii uncharacterized LOC103544808 (LOC103544808), mRNA
ACGCGACCTCAGATCAGACGTGGCGACCCGCTGAAT_31697	XR_001496748	N/A
ACGCGACCTCAGATCAGACGTGGCGACCCGCTGAAT_31697	XR_001500635	N/A
